{
  "ABIRoot": {
    "kind": "Root",
    "name": "TopLevel",
    "printedName": "TopLevel",
    "children": [
      {
        "kind": "Import",
        "name": "Foundation",
        "printedName": "Foundation",
        "declKind": "Import",
        "moduleName": "KiTPlayerSDK"
      },
      {
        "kind": "Import",
        "name": "KiTListenerUI",
        "printedName": "KiTListenerUI",
        "declKind": "Import",
        "moduleName": "KiTPlayerSDK"
      },
      {
        "kind": "TypeDecl",
        "name": "KiTPlayerSDK",
        "printedName": "KiTPlayerSDK",
        "children": [
          {
            "kind": "Constructor",
            "name": "init",
            "printedName": "init()",
            "children": [
              {
                "kind": "TypeNominal",
                "name": "KiTPlayerSDK",
                "printedName": "KiTPlayerSDK.KiTPlayerSDK",
                "usr": "s:12KiTPlayerSDKAAV"
              }
            ],
            "declKind": "Constructor",
            "usr": "s:12KiTPlayerSDKAAVABycfc",
            "mangledName": "$s12KiTPlayerSDKAAVABycfc",
            "moduleName": "KiTPlayerSDK",
            "declAttributes": [
              "AccessControl"
            ],
            "init_kind": "Designated"
          }
        ],
        "declKind": "Struct",
        "usr": "s:12KiTPlayerSDKAAV",
        "mangledName": "$s12KiTPlayerSDKAAV",
        "moduleName": "KiTPlayerSDK",
        "declAttributes": [
          "AccessControl"
        ]
      }
    ],
    "json_format_version": 8
  },
  "ConstValues": []
}